dataset,price,centroid_price,maintainer,query_cost,rank
sift1m,calibrated,0.7568955388902734,bandit,2284.585656807963,1
sift1m,calibrated,0.7568955388902734,cost_driven_quake_tau50,2878.0279950671647,2
sift1m,calibrated,0.7568955388902734,global_rebuild,2912.391912193741,3
sift1m,calibrated,0.7568955388902734,lire_lite,2997.291406770338,4
sift1m,calibrated,0.7568955388902734,dedrift_hybrid,3639.181238695118,5
sift1m,calibrated,0.7568955388902734,dedrift_lazy,3790.8069346503266,6
sift1m,calibrated,0.7568955388902734,dedrift_split,4065.337463760632,7
sift1m,calibrated,0.7568955388902734,cost_driven_quake,4159.126488173086,8
sift1m,calibrated,0.7568955388902734,no_op,4351.711619801187,9
sift1m,1,1.0,bandit,2400.5951056495246,1
sift1m,1,1.0,cost_driven_quake_tau50,2918.1402311502698,2
sift1m,1,1.0,global_rebuild,2955.2755391334967,3
sift1m,1,1.0,lire_lite,3060.0609786288696,4
sift1m,1,1.0,dedrift_hybrid,3682.0648656348726,5
sift1m,1,1.0,dedrift_lazy,3833.690561590082,6
sift1m,1,1.0,dedrift_split,4108.221090700388,7
sift1m,1,1.0,cost_driven_quake,4178.2831197085325,8
sift1m,1,1.0,no_op,4394.5952467409425,9
gist1m,calibrated,0.3948165407902332,cost_driven_quake_tau50,4067.7495354893226,1
gist1m,calibrated,0.3948165407902332,bandit,4251.617657531557,2
gist1m,calibrated,0.3948165407902332,cost_driven_quake,4467.5559239051445,3
gist1m,calibrated,0.3948165407902332,lire_lite,5755.208854787461,4
gist1m,calibrated,0.3948165407902332,global_rebuild,6057.784123406802,5
gist1m,calibrated,0.3948165407902332,dedrift_lazy,6587.247136787458,6
gist1m,calibrated,0.3948165407902332,no_op,6941.636779040676,7
gist1m,calibrated,0.3948165407902332,dedrift_hybrid,7264.745527661791,8
gist1m,calibrated,0.3948165407902332,dedrift_split,8132.641862426928,9
gist1m,1,1.0,bandit,4588.341734235871,1
gist1m,1,1.0,cost_driven_quake,4943.230122844021,2
gist1m,1,1.0,cost_driven_quake_tau50,4987.023210028958,3
gist1m,1,1.0,lire_lite,5923.691929831459,4
gist1m,1,1.0,global_rebuild,6165.990925913508,5
gist1m,1,1.0,dedrift_lazy,6695.453939294164,6
gist1m,1,1.0,no_op,7049.843581547383,7
gist1m,1,1.0,dedrift_hybrid,7372.9523301684985,8
gist1m,1,1.0,dedrift_split,8240.848664933636,9
