maintainer,own_vs_fresh,own_vs_fresh_ci_lo,own_vs_fresh_ci_hi,own_vs_fresh_below,own_vs_fresh_seeds,own_vs_fresh_s1,own_vs_fresh_s7,own_vs_fresh_s13,own_vs_fresh_s23,own_vs_fresh_s42,K
bandit,-17.57159087043042,-38.40780240233808,10.313365923634965,4,5,-2.199025252915021,0.3430000190114413,-15.778169042814017,-17.52428557511221,-44.17823542494338,556.4
cost_driven_quake,-11.964308754801333,-39.48496269072807,28.072017759996882,3,5,-5.598995052556244,6.342861609048622,-8.01901736115137,9.742497173952259,-47.81615811641359,786.0
cost_driven_quake_tau50,-6.987035358093752,-29.1431318234582,22.097007871153384,3,5,-1.3295803968462194,8.91387708493847,5.5964834825542376,-3.339890715168503,-36.532629675738036,1519.0
global_rebuild,-3.961045675511854,-15.094610634658212,8.632453330531774,2,5,0.9964023837444547,0.2360187979865369,-16.62656704646145,-9.47108283201078,6.928233262482131,178.8
dedrift_lazy,-3.312094120264264,-30.411447131703795,34.340358551524574,3,5,-5.217231143774937,13.257503706839957,29.977847243127087,-5.742081355566442,-35.74939687866401,178.8
lire_lite,1.2283796954457582,-9.473217606982075,13.19506321651469,3,5,-2.8140905796934845,-1.632692346976028,16.25835677456733,4.327348591367297,-8.328362549322144,278.4
no_op,10.431225939889277,-3.3426488752563044,26.16790674149785,1,5,16.017879691532922,11.622343652854973,27.987812160846737,0.47398516316359274,-1.3808709477630021,178.8
dedrift_hybrid,13.204006779456634,1.5259663184581163,26.225315706188802,0,5,1.7685738184334276,11.480463522552187,28.96141561932899,9.08001180734721,16.490784823494174,178.8
dedrift_split,31.116383224516287,15.712812576181822,48.570461361483616,0,5,20.6644559724384,23.351738635002285,45.77877314366536,21.5656574235801,46.911223733410765,178.8
