maintainer,query_cost,query_cost_mean,served_query_cost,work_calibrated,compaction_reads,ingest,total_compute,total_vs_no_op,efficiency,break_even_reads,parts,nprobe,seeds,query_cost_vs_no_op,query_cost_ci_lo,query_cost_ci_hi,query_cost_below,query_cost_seeds,query_cost_s1,query_cost_s7,query_cost_s13,query_cost_s23,query_cost_s42,query_cost_mean_vs_no_op,query_cost_mean_ci_lo,query_cost_mean_ci_hi,query_cost_mean_below,query_cost_mean_seeds,query_cost_mean_s1,query_cost_mean_s7,query_cost_mean_s13,query_cost_mean_s23,query_cost_mean_s42,query_cost_r80_vs_no_op,query_cost_r80_ci_lo,query_cost_r80_ci_hi,query_cost_r80_below,query_cost_r80_seeds,query_cost_r80_s1,query_cost_r80_s7,query_cost_r80_s13,query_cost_r80_s23,query_cost_r80_s42,query_cost_r95_vs_no_op,query_cost_r95_ci_lo,query_cost_r95_ci_hi,query_cost_r95_below,query_cost_r95_seeds,query_cost_r95_s1,query_cost_r95_s7,query_cost_r95_s13,query_cost_r95_s23,query_cost_r95_s42,query_cost_rebuilt_k_vs_no_op,query_cost_rebuilt_k_ci_lo,query_cost_rebuilt_k_ci_hi,query_cost_rebuilt_k_below,query_cost_rebuilt_k_seeds,query_cost_rebuilt_k_s1,query_cost_rebuilt_k_s7,query_cost_rebuilt_k_s13,query_cost_rebuilt_k_s23,query_cost_rebuilt_k_s42
bandit,2284.585656807963,2069.844207424744,2395.146466520019,134869320.42778304,629027.2,36518888.20687942,3979901550.296191,-43.53746568998257,23.962597397106336,0.33733118546594076,477.2,20.446283128636072,5,-47.997096866104236,-55.263628913795536,-39.550261483160796,5,5,-53.96659463138992,-44.2070457108929,-51.4198449086871,-50.86396177756936,-37.96647627469552,-45.94480403761195,-50.12452495324817,-41.41480942701382,5,5,-48.90258339033051,-47.739474668481265,-48.6058784968468,-41.653147314058835,-42.36535340679175,-47.97922271651578,-54.88074049119349,-40.022037182377254,5,5,-51.43664894299287,-42.027493304523766,-52.21197109234513,-52.71188055223991,-40.11993023526569,-45.70927249653197,-56.34740284704354,-32.478631625788736,5,5,-54.527342448852046,-42.80141317832743,-45.53560922788562,-52.86498187283877,-29.362333717740086,-30.40003794588426,-35.45907930275655,-24.944443531292148,5,5,-31.402196507950887,-24.94359521287074,-27.836624721756298,-31.152771777672793,-36.152521857293216
cost_driven_quake_tau50,2878.0279950671647,2646.5891518930152,2878.7991625970144,164520516.44974044,0.0,15995968.428085217,5050240524.360974,-28.26483691257166,13.223944994544741,0.6148100557724512,165.0,12.931395824874084,5,-33.9249365960277,-41.55030427612175,-25.30476079013415,5,5,-36.71690536431168,-40.05379357270129,-26.31667102262799,-38.49627557591393,-26.739838012492022,-30.727146478857303,-34.86241725635566,-26.32934731631691,5,5,-29.98253765221135,-35.44586941327042,-32.56268123674138,-26.83249090013069,-28.47359123625479,-38.11624972016978,-45.29021887641227,-30.001574306330337,5,5,-40.35135543875052,-44.12114914677737,-32.46070471643549,-42.34952322601793,-30.068047970239277,-29.79489957870446,-40.14781214902503,-17.65119535084958,5,5,-33.11333716935449,-36.77511966796491,-23.325667670473706,-37.35063236352829,-16.04451292044642,1.3771502050396345,-6.711736600805351,10.167412375519568,1,5,2.783068909892372,8.831399789031646,0.018923873657872292,-8.847729004248272,4.9965252341820365
global_rebuild,2912.391912193741,2689.38950658983,2813.4964633041027,7073690822.755948,0.0,16306507.529781118,12038474022.411015,71.1465616321662,0.29362949883406775,27.75379402850598,176.4,7.753264347666731,5,-33.066446799648894,-39.54641215277047,-25.891899826594887,5,5,-34.20680976846929,-40.63189366759226,-28.46306647834457,-34.14057761109712,-26.99761940179264,-29.65409180357923,-34.69369961932869,-24.225583578703546,5,5,-30.1062143757026,-35.47776754636616,-30.640676414878744,-24.19293865431743,-27.35064799619846,-36.69665249111167,-41.421533300258474,-31.590667499517178,5,5,-39.513628664409495,-40.290022045620745,-32.347625183016106,-38.645672911489285,-32.18891461795661,-29.48129908098003,-35.824244833312946,-22.511434943151855,5,5,-32.98992893890696,-36.03191055593039,-23.720181163402554,-29.41585467089706,-24.43838275284197,1.9498856455288038,-2.896070572361764,7.037678540926984,2,5,-1.5587973327008564,7.936327695584877,0.4388598883448669,-1.0852643729662437,4.334129552311894
lire_lite,2997.291406770338,2600.2463337089866,2928.729735799724,93660964.5102294,529219.6,22551955.379380323,4900666173.9141445,-30.337176977005704,23.876373390012695,0.3416093062125393,258.2,14.8744018415447,5,-31.158659803832823,-35.423458156651776,-26.61220336789245,5,5,-34.64152589370563,-35.07819792186583,-27.535208233562415,-29.572346111744864,-28.6023623893055,-31.954792920753817,-37.36880770821573,-26.07277560857065,5,5,-31.279412216688996,-37.65339016830621,-32.754614238632406,-24.8549008474922,-32.620956639812235,-33.45612551110075,-39.212006943918354,-27.15523231850866,5,5,-38.75983855319791,-36.58172288750501,-31.259209949064836,-33.84569231574678,-26.121681016507047,-31.042297424633404,-35.5829756001915,-26.181552333751412,5,5,-32.375722806556894,-35.382485243985506,-27.095156661548504,-33.06754559595829,-26.874659579252302,-14.983218969251089,-21.32740984896172,-8.12742985893774,5,5,-16.21906764590929,-8.562142569304253,-15.638691183478448,-11.42877154368377,-22.408154890738253
dedrift_hybrid,3639.181238695118,3174.726401867989,3694.834485894349,86759688.50319873,0.0,16306507.529781118,5944562775.470079,-15.483537302391204,13.721663360098244,0.6443833020157541,176.4,10.84347623898044,5,-16.449364157204048,-23.324289079080383,-8.958017266574348,5,5,-19.116915690653446,-24.181784680764384,-11.895319663534886,-9.820554491760713,-16.4375826445903,-16.888273567105706,-23.046223853559546,-10.237555366855455,5,5,-15.493440397414771,-23.818310690875034,-15.021735647827505,-10.123900572597133,-19.34738999610235,-21.15767298316934,-24.946250263059632,-17.177855187568525,5,5,-24.387118296432497,-21.525985317261565,-20.454643422636355,-16.112771674457715,-23.057759238726383,-10.215838105030794,-18.818683923326272,-0.7013421712892209,5,5,-16.32826144467495,-18.522093319518717,-7.910632243383208,-1.2394370880422834,-5.9005767683076975,0.08142007147078356,-3.0568941652464376,3.3213301479702695,2,5,-0.382235690425925,3.0734151428239986,-3.8570396880753144,1.1265154857650783,0.5776085626425953
dedrift_lazy,3790.8069346503266,3342.275870704372,3788.0683453349984,17320893.982244745,0.0,16306507.529781118,6183415003.60807,-12.136302759190439,50.583765050064784,0.16587461430917888,176.4,10.074798096671966,5,-13.015146997920501,-19.173759590238582,-6.3872745604089065,5,5,-6.650550515292664,-10.480599725695882,-17.22116125380785,-11.03939030260298,-19.076964741987766,-12.440542110188135,-15.507190334867849,-9.262590552465033,5,5,-11.595626536285996,-11.816246966128386,-14.75612994452754,-8.905013316406086,-14.985039685610513,-17.208902418926986,-26.927420718401642,-6.197839106455794,5,5,-15.102621797497651,-4.419952381150294,-24.257213619701425,-15.223426608821121,-25.34832728466928,-9.174795878120246,-13.534067171670616,-4.5957473198232845,5,5,-5.1466089249397,-5.389031921739584,-12.084182826809187,-10.345617286466913,-12.6226190861235,-3.0397344627487333,-10.750018146151996,5.336638705982444,3,5,-5.117976452412842,0.7589047965868456,5.81072126538853,-4.438004588410294,-11.348371063112284
dedrift_split,4065.337463760632,3470.8320644860382,4132.318276348196,83491467.19742759,0.0,16306507.529781118,6486128973.38152,-7.765610606300946,7.602459709390305,1.358623908388142,176.4,12.947527752801724,5,-6.5320509000996285,-14.227435070199924,1.8537514424535662,5,5,-5.172879821647602,-17.08054816492033,-2.248655770381236,-1.7566587659252453,-5.528954797580566,-9.083336376651186,-15.126415857242815,-2.6099839203440167,5,5,-5.547068906467512,-16.39323721402024,-7.881500612672355,-3.8876076183225416,-11.15472008293633,-11.411657920333361,-17.320060064580154,-5.081034667491091,5,5,-13.049948987367044,-18.834538427240034,-9.127950966877874,-6.371832963176383,-9.13326488300944,-4.481078087249124,-11.510421208574462,3.1066546816729046,3,5,-7.408564409859286,-12.744421941689865,1.0434301585164008,-3.1419009642922213,0.5631852000482773,0.5352721567682739,-4.51502324450791,5.852682705440504,2,5,-5.246467380453391,3.800852015719758,5.299173781606337,0.014541473269025218,-0.8465455929933641
cost_driven_quake,4159.126488173086,3452.808576669311,4211.459219488888,76057474.31208947,0.0,10656948.400039451,6439882203.783662,-8.537256045316779,9.125135319644281,1.0733939172469111,78.8,8.599285952619287,5,-4.2811137549143226,-12.895017509392726,5.18462804337998,4,5,-1.6060650757230288,-11.362221848327215,6.377653196352795,-10.841912190166115,-2.861846787241651,-9.611485716675405,-13.999678185028463,-4.999384398530593,5,5,-11.430539966515052,-11.58595777349487,-9.27020356944107,-3.238949709453265,-12.237196909802572,-8.145021635409144,-13.595702520583819,-2.3504930137363322,5,5,-3.859101355981598,-10.450672296223695,-3.1687596988319133,-13.858077470444252,-8.94308461291251,2.352803599283826,-8.413258725531957,14.384421356784616,3,5,-0.7730008285104506,-7.837135142335072,16.59044297559522,-1.3260300769734612,6.769531769804105,44.60187654049959,31.12411783213922,59.46496376663364,0,5,41.182282667739244,59.010804051124154,49.928964864593524,28.56121634731612,46.10574614235057
no_op,4351.711619801187,3818.4476270385835,4491.355417395655,0.0,0.0,16306507.529781118,7042250141.280775,0.0,,inf,176.4,12.230324632868115,5,0.0,0.0,0.0,0,5,0.0,0.0,0.0,0.0,0.0,0.0,0.0,0.0,0,5,0.0,0.0,0.0,0.0,0.0,0.0,0.0,0.0,0,5,0.0,0.0,0.0,0.0,0.0,0.0,0.0,0.0,0,5,0.0,0.0,0.0,0.0,0.0,0.0,0.0,0.0,0,5,0.0,0.0,0.0,0.0,0.0
