maintainer,query_cost_stored,stored_vs_no_op,work_calibrated_tombstone,total_compute_tombstone,total_tomb_vs_no_op,stored,live
bandit,2540.172261209619,-81.16514835647804,136496458.03876692,4428382425.5581455,-73.13437691888889,69508.8,60000.0
global_rebuild,2912.391912193741,-78.39588913526536,7073690822.755948,12091559186.78064,-26.354010419908377,60000.0,60000.0
lire_lite,4184.868717951645,-69.02176431697453,95029924.57368907,6818955144.509201,-58.47947691485659,79612.2,60000.0
cost_driven_quake_tau50,5503.2455054462935,-59.52852461685046,164520516.44974044,9211425035.179594,-44.145623662747155,107563.0,60000.0
dedrift_hybrid,7114.32873126162,-47.72278908543692,86759688.50319873,10564473926.418873,-35.73700970413102,111583.8,60000.0
cost_driven_quake,7992.7810481967435,-40.906679146777186,76057474.31208947,11444489621.594208,-30.42466783965977,117006.2,60000.0
dedrift_split,8214.058732707252,-40.1860995422987,83491467.19742759,11675744049.661816,-29.191449853995557,103812.4,60000.0
dedrift_lazy,11201.925054851476,-17.564504565772204,17320893.982244745,14269148671.030178,-13.551719892311649,178600.8,60000.0
no_op,13809.488278311936,0.0,0.0,16574861477.079624,0.0,178600.8,60000.0
