kind,i,cost_400,nprobe_400,cost_large,nprobe_large
no_op_end,0,4346.109206786729,17.26,4423.612292142499,17.447457627118638
build,0,3214.696594758841,8.697368421052625,3048.251484163575,8.19455782312925
build,1,3243.250715812681,8.890243902439025,3153.574565833471,8.631165919282505
build,2,2998.1362549203077,8.836734693877553,2880.565023689327,8.50859106529209
build,3,2953.143026147247,8.652777777777779,2888.8829843239623,8.431852986217457
build,4,3335.193996823328,9.340425531914887,3218.4048198654646,8.998533724340174
build,5,3027.0648053701125,9.072289156626503,2912.6882359365363,8.734969325153376
build,6,3463.4664202646413,9.629629629629628,3140.8546231693276,8.707289293849662
build,7,2961.269712823477,8.409090909090905,2885.36902703939,8.178160919540229
slice_no_op_end,0,4450.155469481363,17.688524590163937,,
slice_no_op_end,1,4383.665711259226,17.111111111111107,,
slice_no_op_end,2,4405.729364034457,17.381818181818183,,
slice_no_op_end,3,4278.627199887084,16.518072289156624,,
slice_no_op_end,4,4392.438330649258,17.41818181818181,,
slice_no_op_end,5,4268.262307730235,17.543859649122805,,
slice_no_op_end,6,4349.830253156934,17.430769230769233,,
slice_no_op_end,7,4711.940559640436,18.318181818181817,,
slice_no_op_end,8,4675.846232498365,18.0,,
slice_no_op_end,9,4405.011419032224,17.437499999999996,,
slice_build_0,0,3037.9344916787563,8.169230769230765,,
slice_build_0,1,2908.9802100061297,7.768292682926831,,
slice_build_0,2,2988.419483462718,7.930555555555557,,
slice_build_0,3,3109.2825334209815,8.373493975903607,,
slice_build_0,4,3205.2377865238104,8.623376623376627,,
slice_build_0,5,3085.5966042533323,8.207317073170731,,
slice_build_0,6,2999.3579147419473,8.098360655737709,,
slice_build_0,7,3129.615026529786,8.455696202531643,,
slice_build_0,8,3028.2909437301164,8.174603174603169,,
slice_build_0,9,2964.634056640411,8.084337349397591,,
