parent_pid,parent_size,child_sizes,parent_access,child_access_total,alpha,queries_probing_parent,frac_probing_both,frac_probing_one,frac_probing_neither,dataset,seed,query_mode,nprobe,mean_partition_size
560,4,2|4,0.0015,0.002,0.6666666666666666,3,0.0,1.0,0.0,gist1m,42,hot_cold,10,200
669,49,50|21,0.001,0.002,1.0,2,0.0,1.0,0.0,gist1m,42,hot_cold,10,200
694,78,61|19,0.001,0.0015,0.75,2,0.5,0.5,0.0,gist1m,42,hot_cold,10,200
334,101,54|69,0.0015,0.002,0.6666666666666666,3,0.3333333333333333,0.6666666666666666,0.0,gist1m,42,hot_cold,10,200
127,124,69|86,0.002,0.004,1.0,4,0.75,0.25,0.0,gist1m,42,hot_cold,10,200
833,150,105|126,0.0515,0.0975,0.946601941747573,103,0.5728155339805825,0.42718446601941745,0.0,gist1m,42,hot_cold,10,200
768,172,2|183,0.001,0.001,0.5,2,0.0,1.0,0.0,gist1m,42,hot_cold,10,200
147,199,128|99,0.0005,0.0005,0.5,1,0.0,1.0,0.0,gist1m,42,hot_cold,10,200
226,228,105|156,0.0015,0.003,1.0,3,0.0,1.0,0.0,gist1m,42,hot_cold,10,200
976,257,149|150,0.0015,0.0025,0.8333333333333334,3,0.3333333333333333,0.6666666666666666,0.0,gist1m,42,hot_cold,10,200
991,281,172|184,0.0515,0.062,0.6019417475728156,103,0.20388349514563106,0.6213592233009708,0.17475728155339806,gist1m,42,hot_cold,10,200
196,337,276|83,0.0235,0.041,0.8723404255319149,47,0.10638297872340426,0.8936170212765957,0.0,gist1m,42,hot_cold,10,200
635,364,222|217,0.0015,0.003,1.0,3,1.0,0.0,0.0,gist1m,42,hot_cold,10,200
152,411,356|153,0.002,0.0115,2.875,4,0.25,0.75,0.0,gist1m,42,hot_cold,10,200
683,459,230|345,0.009,0.014,0.7777777777777779,18,0.4444444444444444,0.5555555555555556,0.0,gist1m,42,hot_cold,10,200
233,519,219|434,0.003,0.0085,1.4166666666666667,6,0.3333333333333333,0.6666666666666666,0.0,gist1m,42,hot_cold,10,200
866,1078,580|747,0.072,0.14100000000000001,0.9791666666666669,144,0.8263888888888888,0.1736111111111111,0.0,gist1m,42,hot_cold,10,200
