maintainer,seed,ratio,workload,protocol,query_cost0,query_cost,query_cost_mean,served_query_cost,fixed_recall_cost0,fixed_recall_cost,fixed_recall_cost_mean,fixed_recall_cost_k,priced_scan,priced_scan_mean,recall,fixed_recall_achieved,fixed_recall_std,nprobe,parts,live,stored,work,work_calibrated,work_reads,distances,kmeans_distances,bulk_kmeans_distances,queries_served,total_compute,compaction_reads,insert_routing,route_nprobe_mean,route_nprobe_end,ingest,fixed_recall_cost_stored,query_cost_stored,query_cost_stored_mean,work_calibrated_tombstone,total_compute_tombstone,splits,merges,reassigned,repartitioned,collected,centroids,declined,merges_declined,examined,inserts,deletes,query_cost_r80,query_cost_r80_mean,fixed_recall_cost_r80,nprobe_r80,query_cost_r95,query_cost_r95_mean,fixed_recall_cost_r95,nprobe_r95,query_cost_rebuilt_k,fixed_recall_cost_rebuilt_k,nprobe_rebuilt_k,served_fixed_recall_cost,served_nprobe,query_cost_t25,cost_t25,nprobe_t25,parts_t25,recall_t25,query_cost_t50,cost_t50,nprobe_t50,parts_t50,recall_t50,query_cost_t75,cost_t75,nprobe_t75,parts_t75,recall_t75,fp,arm_split,arm_centroid_update,arm_merge,arm_compact,arm_no_op,reversals
no_op,7,1.0,staple,heldout,1630.1349697259986,3764.5483569519915,3110.0016076025167,3852.5540556839705,1603.2313013698624,3783.246874999998,3098.174866085422,4129.246874999998,3502.662500495957,2848.1157511464826,0.84775,0.9,0.1446459038479832,13.093749999999993,346,60000,178025,0,0.0,0,0,0,0,1840000,5754113803.5259075,0,41520000,13.956709956709958,14,31710845.537275963,8969.309218749995,8886.786515406451,6462.043123406736,0.0,11921585649.84312,0,0,0,0,0,0,0,0,0,120000,110000,2493.217807333683,2005.139758076803,2402.638858267718,8.015748031496068,5279.971175773871,4310.269291745939,5434.920384615377,19.384615384615355,2119.2438622575805,2171.0815277777774,11.314814814814811,3857.0694642857143,12.785714285714286,2875.6853867541654,2848.3658620689625,12.862068965517228,346,0.8619999999999999,3096.6432195861476,3071.834227272728,14.236363636363642,346,0.8357500000000002,2703.1294671177634,2689.252499999998,15.799999999999988,346,0.7907500000000001,48ee804937864e0c,,,,,,
global_rebuild,7,1.0,staple,heldout,1630.1349697259986,2267.7367409315593,1947.8791417449474,2109.4616701795353,1603.2313013698624,2343.9789130434788,1970.8057554722918,2689.9789130434788,2005.8508844755245,1685.9932852889126,0.8752500000000001,0.9,0.1361008357799466,11.89130434782609,346,60000,60000,60243912000,13858046491.236786,6696000,0,0,60237216000,1840000,17473854957.584766,0,41520000,10.051948051948052,13,31710845.537275963,2343.9789130434788,2267.7367409315593,1954.3498485984069,13858046491.236786,17485476515.43258,0,0,0,6696000,0,39790,0,0,0,120000,110000,1394.314877971625,1233.2201636798923,1322.2060915492966,6.6619718309859195,3211.522135640445,2815.13275093636,3447.7128260869536,17.565217391304333,2156.997798162992,2218.0479069767443,11.44186046511628,2156.42671875,10.765624999999998,1887.514102420256,1902.2685185185194,10.18518518518519,346,0.8975,1821.5507062322918,1819.6324324324332,9.905405405405409,346,0.9017499999999999,1814.7150173956823,1817.3431578947364,9.94736842105263,346,0.90075,e1aeae9652f07fc3,,,,,,
lire_lite,7,1.0,staple,heldout,1630.1349697259986,2477.0785526305726,2114.3751865107015,2246.5749075145523,1603.2313013698624,2450.0274999999992,1993.3858151486636,2931.0274999999992,2113.011798424351,1738.0088797975131,0.79525,0.9,0.14007118725847942,18.749999999999993,481,60000,75717,61469471,88346561.58456098,788423,49289754,11391294,0,1840000,4023066917.978334,538171,58113000,15.428571428571429,16,44270013.21408226,3031.726874999999,2924.4062098312857,2632.426793686905,89738676.70333616,4977389447.538772,631,478,73648,0,18,0,0,0,1522387,120000,110000,1526.738425118141,1377.044179538392,1348.4058076923077,10.292307692307693,3748.5797837728733,3057.855437495679,3922.742857142855,30.142857142857125,2240.253910726604,2169.3117307692287,16.730769230769212,2183.920277777778,16.629629629629633,1919.7128780510448,1776.9323255813943,14.976744186046504,491,0.83225,2023.4625136390614,1850.3643965517226,17.275862068965502,518,0.80375,2037.2468017221283,1896.2190384615385,16.692307692307693,499,0.79175,00ccd0c53bd9ce02,,,,,,
dedrift_lazy,7,1.0,staple,heldout,1630.1349697259986,3206.34643314528,2664.3747657832273,3346.4052380492067,1603.2313013698624,3188.2771698113206,2625.309639094652,3534.2771698113206,2944.4605766892455,2402.4889093271927,0.88875,0.9,0.13340164916521835,10.849056603773585,346,60000,178025,6696000,17320893.982244745,6696000,0,0,0,1840000,4951481308.560659,0,41520000,11.887445887445887,12,31710845.537275963,7473.83212264151,7444.032413791379,5374.21780632708,17320893.982244745,9937307960.398798,0,0,0,0,0,39224,0,0,0,120000,110000,2114.402798724929,1748.087599920743,2003.457295081967,6.614754098360655,4680.535383145676,3786.403268400081,4792.58964285714,16.714285714285705,2120.007380062192,2170.6799999999994,11.428571428571425,3332.9325446428575,11.267857142857144,2587.1133624522217,2547.9749305555574,12.027777777777787,346,0.8657500000000001,2546.2527532721037,2493.7371818181814,11.672727272727272,346,0.8760000000000001,2317.7865142633036,2271.2492741935484,12.064516129032258,346,0.861,3edb83dc354fb402,,,,,,
dedrift_split,7,1.0,staple,heldout,1630.1349697259986,2974.5647341948866,2562.563175424844,3139.7695063541455,1603.2313013698624,3044.5244230769235,2581.390877694889,3390.5244230769235,2712.678877738852,2300.6773189688097,0.82675,0.9,0.13740360257285836,14.53846153846154,346,60000,116382,17295404,58261070.20523651,71372,0,17224032,0,1840000,4805088158.524225,0,41520000,14.142857142857142,16,31710845.537275963,5507.4007692307705,5399.5690097432725,4411.128812265299,58261070.20523651,8206164387.54811,466,115,0,71372,0,0,0,0,0,120000,110000,1901.8687923424484,1649.9370908127946,1840.9751724137932,8.689655172413794,4412.848024648625,3783.828514965564,4659.986071428561,22.642857142857093,2214.0173787955337,2279.606822033898,11.47457627118644,3227.9683333333337,15.444444444444446,2392.117577315446,2387.423138297871,13.319148936170205,346,0.8552500000000001,2524.27134714996,2538.3779285714268,14.657142857142846,346,0.8315,2359.299043039084,2355.238020833333,14.52083333333333,346,0.82525,2d8dda83ea27eefb,,,,,,
dedrift_hybrid,7,1.0,staple,heldout,1630.1349697259986,2866.3736297637906,2386.213151070668,2603.2757306879103,1603.2313013698624,2906.3258333333342,2388.7210655968465,3252.3258333333342,2604.487773307756,2124.3272946146335,0.8465,0.9,0.13011149065320865,13.185185185185189,346,60000,125226,18751952,57920240.733940184,6761258,0,11990694,0,1840000,4480263284.241245,0,41520000,12.246753246753247,13,31710845.537275963,5280.631944444446,5203.644329669987,4095.014683711206,57920240.733940184,7624173561.537283,428,115,0,65258,0,39773,0,0,0,120000,110000,1856.2166072019668,1508.0796610782372,1779.8216500000003,7.990000000000001,4021.171588211793,3446.210019698024,4195.390624999993,19.12499999999997,2078.915579032312,2136.3187499999985,11.062499999999993,2609.6662288135594,11.491525423728815,2294.9244040433905,2293.191554054053,12.75675675675675,346,0.8640000000000001,2076.9690148107966,2057.905,11.700000000000001,346,0.88125,2306.5855556646948,2297.4618749999995,14.124999999999998,346,0.8272499999999999,33902d5824297959,,,,,,
cost_driven_quake,7,1.0,staple,heldout,1630.1349697259986,3330.8218089074658,2736.132917944949,3501.6456380078494,1603.2313013698624,3468.330185185186,2841.641374831043,3567.330185185186,3255.889150557329,2610.1098107197186,0.93625,0.9,0.1360661603779573,7.703703703703706,99,60000,101754,97298389,98592473.91898328,373783,96629060,295546,0,1840000,5151507247.9704895,0,23973800,9.813852813852813,10,18430205.032799445,5790.779629629631,5652.4945345252245,4638.190921383097,98592473.91898328,8651009431.53413,50,297,68674,0,0,15107,11,351,0,120000,110000,2061.9937023438924,1687.5817517186333,2116.4659285714283,4.6742857142857135,5148.771992370544,4080.677667187216,5403.55,12.0,3465.4717386130383,3540.425555555556,5.555555555555556,3648.532039473683,8.01315789473684,2552.9676136688386,2615.473076923077,10.23076923076923,256,0.897,2615.1678964897405,2716.377578124999,8.906249999999996,183,0.91475,2445.5743527137506,2566.384659090909,7.7727272727272725,128,0.9390000000000001,8618056c9440e5da,,,,,,
cost_driven_quake_tau50,7,1.0,staple,heldout,1630.1349697259986,2694.5822873119246,2344.267545122498,2823.582233263704,1603.2313013698624,2912.1897272727265,2474.9578022891956,3088.1897272727265,2561.3686724672366,2186.076377494431,0.8575,0.9,0.12239178894027165,12.67272727272727,176,60000,103204,183240229,186029452.04666686,462408,181911191,866630,0,1840000,4520682480.535417,0,27634200,11.930735930735931,15,21200745.463353403,5020.161181818181,4794.489386140231,4120.388697742207,186029452.04666686,7788460858.59313,178,347,105095,0,1,16502,32,551,0,120000,110000,1625.4152939632602,1437.6863463718696,1696.9914150943398,7.396226415094341,3931.4736161550395,3377.142874413983,4317.920227272723,18.63636363636362,2808.6509982621706,2877.3757432432435,8.054054054054054,3060.0836111111103,13.222222222222218,2263.8629854397095,2327.216250000001,11.16666666666667,271,0.877,2191.3137583148455,2292.3764999999994,11.959999999999996,221,0.8692500000000001,2227.3111494235136,2368.0487318840574,10.840579710144926,168,0.8855000000000001,d2916f5d3126c425,,,,,,
bandit,7,1.0,staple,heldout,1630.1349697259986,2483.6757544108946,2071.87646359158,2368.1938190048036,1603.2313013698624,2330.1403289473674,1937.4080491701811,2846.1403289473674,2093.1176563435133,1740.3562175576403,0.78675,0.9,0.12481761694568601,21.289473684210517,516,60000,90891,109816517,133871916.3497145,6824469,97056614,5935434,0,1840000,3986180985.1073017,329047,52546000,15.064935064935066,19,40056375.749080114,3010.61019736842,3142.5498949294088,2571.3225081052774,134723079.46234527,4905728327.362584,531,285,99382,0,76,20350,0,0,0,120000,110000,1484.0266050019918,1271.3143316131911,1216.8487499999997,10.854838709677416,3513.0928209480703,2908.588294446585,3474.012499999996,32.33333333333329,1985.9705793413034,1839.5748684210523,14.526315789473681,2207.8881249999986,19.74999999999999,1753.5437107215873,1586.5728658536577,15.195121951219503,461,0.8217500000000001,1877.2673434839885,1737.2891447368424,16.078947368421055,421,0.8275,2173.0190457498497,2095.6298571428565,20.05714285714285,354,0.7802500000000001,34c8038f1f233934,531.0,20350.0,285.0,3508.0,75888.0,42.0
