pass_,K,involved,k,k2,n_b1,n_b2,mse_all_pre,mse_all_post,mse_b1_pre,mse_b1_post,mse_b2_pre,mse_b2_post,nearest_b1_pre,nearest_b1_post,nearest_b2_pre,nearest_b2_post,b2_slot_gap,centroid_spacing
0,182,2,1,2,449,140,59215.59264265016,59193.81650226231,69785.52677349138,67493.14287143105,71520.979259955,71033.5713776541,1.0,0.8797327394209354,1.0,0.95,0.192767037114712,114.52859587623217
1,182,3,1,3,590,304,59037.55456864941,59024.146623186345,58194.95345834425,57355.83305115711,76437.73705225982,75825.75485066845,1.0,0.9423728813559322,0.9539473684210527,0.9407894736842105,0.14704350320733647,114.52859587623217
2,182,3,1,3,734,302,58998.85007233145,58980.378291280686,64577.76104699051,63384.93551867815,58694.41946038806,58461.89875834159,0.9346049046321526,0.8651226158038147,0.9768211920529801,0.9470198675496688,0.09089568917128694,114.52859587623217
3,182,4,1,4,996,457,58743.5869831891,58723.84966251888,56811.601928318494,56700.87053542835,67874.39252423264,65887.1774711348,0.9658634538152611,0.9548192771084337,0.9540481400437637,0.9387308533916849,0.22527217746135986,114.52859587623217
4,182,4,1,4,992,445,58490.57675675552,58631.11364681004,56662.404510138666,52674.08564933567,65751.92070903805,91065.02316465805,0.9556451612903226,0.9707661290322581,0.9393258426966292,0.5325842696629214,1.0413201425376728,114.52859587623217
5,182,5,1,5,1100,654,58795.11435531865,58768.72046253283,62239.095325888964,58677.99223397685,69307.78743568467,73198.81339324001,0.91,0.9345454545454546,0.9602446483180428,0.7568807339449541,0.4214758266226723,114.52859587623217
6,182,3,1,3,753,274,58803.51515457821,58758.95056332051,54732.36368742158,52513.49047417895,77952.36657719548,75592.70520555857,0.8831341301460823,0.8353253652058433,0.9927007299270073,0.8686131386861314,0.42722497620695143,113.59774853340987
7,182,4,1,4,918,427,59023.20924902909,58977.02490149575,77510.59450256207,72136.28514610963,65009.083416534966,70938.89586967297,0.9880174291938998,0.9411764705882353,0.8946135831381733,0.6697892271662763,0.5661805253255819,114.52859587623217
8,182,4,1,4,823,320,59076.52403024606,59024.56474674886,54174.71663947604,48673.4758386104,66425.87740398616,72130.997520418,0.8226002430133658,0.9331713244228432,0.99375,0.6375,0.6904434331049235,113.59774853340987
9,182,4,1,4,812,405,59062.415629205825,59063.520436385304,64451.729556996186,59103.29624187472,64682.577606996965,75547.70803961792,0.7179802955665024,0.8522167487684729,0.9407407407407408,0.5012345679012346,0.8169555354765059,114.45931930888321
10,182,4,1,4,889,406,59047.639088431715,59023.78264089652,66644.75751045444,63645.493071321536,56701.18437410359,60213.033671047364,0.9077615298087739,0.9246344206974129,0.9556650246305419,0.6699507389162561,0.45737462549175767,114.52859587623217
11,182,4,1,4,869,367,58557.49474091526,58500.8769728681,75262.21823187082,68908.59254866812,71354.47071507937,78315.0420312415,0.8308400460299195,0.9240506329113924,0.9863760217983651,0.5068119891008175,0.7116555954512146,114.9947698190737
12,182,4,1,4,845,298,59228.19434500962,59186.56224843269,44713.08059657415,41756.77400749725,59243.3332145016,60249.72371284961,0.991715976331361,0.9431952662721893,0.9664429530201343,0.8288590604026845,0.5542107370640558,116.33878131999906
13,182,3,1,3,726,250,58815.944170977076,58766.52746556891,86325.76396594608,83150.44253262754,68919.60443896969,67624.8629704699,0.9807162534435262,0.8677685950413223,0.92,0.872,0.26360630955350683,117.37888974138684
14,182,4,1,4,855,337,58607.58419910479,58595.763358989236,57960.51584229349,57701.73997053403,71538.06833019646,70314.49663928007,0.9883040935672515,0.9567251461988304,0.8931750741839762,0.8753709198813057,0.23117731048032264,117.37888974138684
15,182,4,1,4,847,338,58197.04558368222,58195.973392449334,57573.219134667685,56426.981306501024,72337.19728500981,75038.2775035925,0.9563164108618654,0.9539551357733176,0.9171597633136095,0.772189349112426,0.390160095688519,117.53721769133175
16,182,4,1,4,803,174,57931.55861942096,57927.582908064614,57461.62339489323,53665.730363126895,76268.63091981014,92552.61765122192,0.9153175591531756,0.9489414694894147,0.8908045977011494,0.28735632183908044,1.023042457617282,116.85883553069294
17,182,3,1,3,766,198,57860.85454051845,57858.89554043489,38651.570454354616,38552.05174572728,70856.64921208842,70707.38318328603,0.9751958224543081,0.9490861618798956,0.8939393939393939,0.8939393939393939,0.10743180661548174,115.43718417906578
18,182,4,1,4,932,325,57771.1808459479,57767.93807953935,38718.22157137875,38670.26002474952,67556.41545901196,67155.15630638646,0.9581545064377682,0.9431330472103004,0.9107692307692308,0.8892307692307693,0.1011770906917262,115.43718417906578
19,182,4,1,4,916,325,57686.39843090305,57681.984663247415,38559.584949100295,38559.064210610006,74765.15667534711,74033.25988474228,0.9443231441048034,0.9454148471615721,0.8984615384615384,0.8953846153846153,0.1377629734638518,115.43718417906578
20,182,4,1,4,991,325,57330.19676121321,57330.13679969547,38700.10290901098,38696.83558109927,74033.25988474226,74033.25988475166,0.9495459132189707,0.9505549949545913,0.8953846153846153,0.8953846153846153,2.864105245666738e-06,116.85883553069294
21,182,6,1,6,1425,414,57202.80959658039,57143.48927996801,38684.40585220909,35634.978626113116,58389.66722834281,61148.45152814438,0.9656140350877193,0.9789473684210527,0.9758454106280193,0.6932367149758454,0.5008275408371847,116.85883553069294
22,182,4,1,4,974,285,57928.66174078428,57925.691913205825,45053.090847213934,43035.29198481456,63994.42623546977,70323.4699958539,0.797741273100616,0.8603696098562629,0.8350877192982457,0.5684210526315789,0.6268057152754617,119.25556402158708
23,182,4,1,4,1036,307,58085.190390077914,58039.6430437775,53261.08742179424,48845.456758087625,59538.303361496524,66308.98346031443,0.9855212355212355,0.9546332046332047,0.7915309446254072,0.5211726384364821,0.8695444060239498,118.7002129939267
24,182,5,1,5,1090,421,57656.99847959918,57649.807541264476,40132.26888904758,37858.77027306508,59099.336514759714,64042.741966887035,0.8431192660550458,0.9128440366972477,0.9073634204275535,0.669833729216152,0.4988154629734584,116.33878131999906
25,182,5,1,5,1085,239,57634.70728962192,57495.15046860183,62583.95065410904,54710.30748485887,51573.413214031854,54851.83827645597,0.8055299539170507,0.9382488479262673,0.8744769874476988,0.6359832635983264,0.7349654092095231,115.43718417906578
26,182,4,1,4,981,314,57593.521509039805,57574.802850443164,39515.14477920535,38724.09291362136,57688.060128736906,56821.107895382054,0.7767584097859327,0.7879714576962283,0.8853503184713376,0.8980891719745223,0.16347186392185642,115.90234059941687
27,182,4,1,4,957,294,57859.826636324055,57905.12291205351,38743.09408743535,36763.90766080304,54252.63709517581,69322.95291536923,0.7847439916405433,0.8871473354231975,0.8945578231292517,0.42857142857142855,0.73462085929931,115.90234059941687
28,182,4,1,4,945,237,57977.1814848674,57935.349606262214,54871.6298941511,51969.48731878271,49586.68877244839,51274.19734558352,0.8698412698412699,0.8952380952380953,0.9156118143459916,0.7679324894514767,0.4178319061242757,117.26909416070124
29,182,4,1,4,900,232,58165.39415723239,58144.136604475,50385.38736387158,48191.064780766974,48186.60710104081,51567.93197337047,0.8244444444444444,0.8666666666666667,0.8663793103448276,0.7155172413793104,0.6422786865344473,117.37888974138684
30,182,4,1,4,865,226,58205.35481017939,58141.702419553185,84373.68402778424,74231.11140605809,43917.64295295333,66965.39269952597,0.8878612716763006,0.8485549132947977,0.8893805309734514,0.4469026548672566,0.7929442006230195,115.90234059941687
31,182,4,1,4,881,192,57973.180035356956,57905.839132278445,41586.55404569349,36151.46249154533,66789.45084292805,72087.49817004877,0.8989784335981839,0.9477866061293984,0.8072916666666666,0.4947916666666667,0.7069038689021175,115.89534943751653
32,182,6,1,6,1336,482,58326.895620351366,58210.27613735509,85650.04510076712,79079.16148765439,59023.26971225387,63687.18975235229,0.9206586826347305,0.9558383233532934,0.7614107883817427,0.533195020746888,0.63929557380944,117.32399195104404
33,182,4,1,4,810,298,58478.75483419318,58413.02986395165,65517.41979071192,62863.48001275313,80926.67733574809,75701.18370663298,0.7481481481481481,0.7617283950617284,0.5838926174496645,0.5671140939597316,0.5511818221352193,116.72237378164593
34,182,3,1,3,761,151,58636.95342999411,58629.92260755216,48296.122361444,48184.580414282755,84791.18487584863,82708.6200221194,0.8672798948751642,0.8528252299605782,0.7814569536423841,0.8211920529801324,0.32689557207455505,116.72237378164593
35,182,3,1,3,753,111,58872.6083729399,58871.05264005283,48180.837834350576,48180.26035219977,67260.26038396834,66462.48491477105,0.8539176626826029,0.8539176626826029,0.8468468468468469,0.8198198198198198,0.16884269340433178,116.72237378164593
36,182,4,1,4,920,88,58978.68012755973,58851.55512547997,71430.41921942813,61912.15798138811,51656.27565992764,67956.27815086833,0.941304347826087,0.9402173913043478,0.9545454545454546,0.23863636363636365,1.116082564755432,117.37888974138684
37,182,4,1,4,1066,151,58682.69332029585,58656.59467320157,59085.078054200756,54436.79713506931,81892.15792414195,104682.52831039783,0.950281425891182,0.9662288930581614,0.7947019867549668,0.11258278145695365,1.1674396778556522,117.32399195104404
38,182,3,1,3,792,143,58689.84403465225,58659.11399366098,69871.78268031671,64942.70548536963,80052.61989689837,94888.19165147658,0.9886363636363636,0.9797979797979798,0.6853146853146853,0.15384615384615385,0.9537340333296628,116.72237378164593
39,182,4,1,4,844,200,58937.05331178295,58878.693897022866,67918.49768386371,62846.56432314626,64040.29194883308,68519.62045063532,0.9016587677725119,0.9395734597156398,0.9,0.65,0.7196756177997686,117.37888974138684
40,182,4,1,4,893,96,59254.381413505296,59146.4873611805,66406.03176471878,58766.06937073714,56204.19229975422,62085.769205879595,0.9260918253079508,0.9675251959686451,0.6770833333333334,0.3020833333333333,0.8377140025144989,117.42666456946472
41,182,3,1,3,753,0,59637.62186119902,59587.28359155219,48180.26035219977,44302.94343385074,0.0,0.0,0.8539176626826029,0.9136786188579017,,,1.1252163533740114,118.5710839475887
42,182,3,1,3,741,28,59751.99453014848,59703.360003305395,70400.81408247654,63913.823156331935,68239.26574958775,139169.89858440266,0.7017543859649122,0.8866396761133604,0.8214285714285714,0.0,1.1538834526883395,118.90882018800917
43,182,3,1,3,713,39,60096.78545891505,60026.729753071195,64856.07455669827,59251.464185373836,71223.29784578724,69501.66337938147,0.7110799438990182,0.8555399719495091,0.7692307692307693,0.6666666666666666,1.0620842181534234,118.90882018800917
44,182,3,1,3,701,61,60588.57089123425,60540.62013562939,50566.32449755815,47387.98835579997,79117.42535240512,69735.28614009837,0.5962910128388017,0.7189728958630528,0.639344262295082,0.6557377049180327,0.8141296156172932,118.90882018800917
45,182,3,1,3,738,54,60445.33099865706,60428.80611106246,62404.01201201431,57874.433756608254,81769.96715703423,125680.43682236203,0.8644986449864499,0.9065040650406504,0.5925925925925926,0.018518518518518517,0.9676680670740904,119.999928390993
46,182,3,1,3,751,68,60880.47371684343,60857.08400081657,84871.27143604463,80355.03626520808,76436.24129115493,105951.26223981875,0.9760319573901465,0.9400798934753661,0.8382352941176471,0.4852941176470588,1.1806031305783722,119.999928390993
47,182,3,1,3,711,13,61359.69304607627,61281.64653063528,68010.22589107885,60616.325992332524,53578.23458137685,100154.4274833426,0.9184247538677919,0.9563994374120957,0.6923076923076923,0.0,0.8588536295717737,119.999928390993
48,182,3,1,3,773,21,61441.066155522334,61333.609095911444,82335.2736216652,70233.83337221503,79556.30961481592,217984.39228967842,0.8783958602846055,0.9417852522639069,0.7619047619047619,0.0,1.3433755202374646,120.28968175607378
49,182,3,1,3,657,49,61719.30592439946,61629.86876051887,83770.98570291602,72914.26355904446,65220.121545718466,101273.93002917313,0.8812785388127854,0.928462709284627,0.5510204081632653,0.04081632653061224,1.346031633656081,120.28968175607378
50,182,3,1,3,655,7,61945.375628012254,61835.513689318694,83070.11272305968,71518.08331217985,51493.86133968865,190759.99598441058,0.6717557251908397,0.9083969465648855,0.5714285714285714,0.0,1.043654474809271,120.28968175607378
51,182,3,1,3,737,38,62055.75082462485,62004.49890323446,64184.96379627521,59780.18929023972,72942.36146405073,77447.71745154323,0.8751696065128901,0.8900949796472184,0.631578947368421,0.47368421052631576,1.1797088059828231,120.46631788139194
52,182,3,1,3,731,7,62238.34653418988,62107.77383062948,80747.2103781883,68443.89138923427,82140.75898134487,247764.1828815681,0.6853625170998632,0.8755129958960328,0.42857142857142855,0.0,1.3615227842579702,120.46631788139194
53,182,3,1,3,918,53,62424.07136182139,62348.814965123194,69719.67913107718,64929.68836760695,72119.72904751457,69890.06336776749,0.8583877995642701,0.906318082788671,0.6981132075471698,0.6792452830188679,0.8510105717283746,120.79493449939265
54,182,4,1,4,1080,3,62613.9431751337,62506.337924570675,59813.68605717264,53853.38184427977,58584.677360750975,52189.18274125519,0.9481481481481482,0.9796296296296296,0.6666666666666666,0.6666666666666666,0.9518530474758927,120.79493449939265
55,182,3,1,3,676,33,62629.716203678836,62598.38601833767,43997.94423903755,41981.4275577915,80832.26932673005,64796.57483930677,0.8550295857988166,0.8801775147928994,0.3939393939393939,0.8484848484848485,1.0946643626210255,121.56405191435283
56,182,3,1,3,739,70,62841.51202866739,62810.39130962055,69033.65107028124,64668.4998921163,59863.60853413617,78916.56571435665,0.9147496617050067,0.9215155615696887,0.7142857142857143,0.22857142857142856,1.195139712440945,120.79493449939265
57,182,3,1,3,827,78,63105.16448086283,63011.52253522203,54329.08777749592,46343.78878062253,67474.73922319201,78666.47252058408,0.9455864570737605,0.9008464328899637,0.5512820512820513,0.5897435897435898,1.0124345613857362,120.42836983040048
58,182,3,1,3,676,69,62910.79712370419,62894.98402427778,59185.98683665583,56461.24799046017,51518.32919996773,64279.01057536159,0.7855029585798816,0.8165680473372781,0.7971014492753623,0.5507246376811594,0.3973658476424244,120.42836983040048
59,182,3,1,3,699,5,63071.40767979541,62957.37366150633,63895.40593040819,52432.02817051289,68905.27850755879,293954.54840877873,0.6194563662374821,0.9027181688125894,0.8,0.0,1.1592234703683275,120.79493449939265
60,182,3,1,3,854,21,63189.032412606306,63136.60964864127,45539.94995788304,42076.968887451825,75581.43328534327,66630.00453515373,0.8231850117096019,0.8665105386416861,0.7142857142857143,0.8095238095238095,1.285599727778606,120.46631788139194
61,182,3,1,3,743,46,63345.01866075342,63314.64387428628,68987.64132186788,65262.96195068837,72055.50330748296,92333.75700685357,0.9152086137281292,0.9057873485868102,0.6739130434782609,0.13043478260869565,1.225822730601082,120.46631788139194
62,182,2,1,2,647,33,62852.037913450105,62829.49966014285,74429.34605246744,69089.94409951418,78038.4559739884,141198.06998853834,0.7418856259659969,0.8284389489953632,0.3333333333333333,0.0,1.0501524779611595,120.46631788139194
63,182,3,1,3,742,68,62617.527787772786,62565.73525961193,55383.659936073076,50452.70798332651,84135.74296426694,91327.85510388068,0.8032345013477089,0.8584905660377359,0.36764705882352944,0.3382352941176471,1.0631781758130892,120.30635565459916
64,182,3,1,3,837,85,62616.29897748801,62593.05264666865,66221.25784451784,65712.87433506156,63540.75087927037,51918.86950982489,0.8745519713261649,0.8781362007168458,0.5647058823529412,0.9647058823529412,0.829037279482061,120.38633676799554
65,182,3,1,3,944,85,62774.586637004075,62808.78115702197,65977.179544908,64830.191761832444,51918.86950982489,88955.40452516884,0.8919491525423728,0.8972457627118644,0.9647058823529412,0.5176470588235295,0.5946587864735773,120.79493449939265
66,182,3,1,3,755,28,62927.82392958633,62890.353439902625,63402.81485556903,60587.26265776855,58572.40842745183,54197.85586735073,0.8966887417218543,0.9443708609271523,0.9285714285714286,0.8571428571428571,0.8334713972175651,120.79493449939265
67,182,3,1,3,730,48,63311.0464830302,63283.362980962724,43607.38079427149,40897.08891574993,58797.45302548142,65181.40190976201,0.8164383561643835,0.8684931506849315,0.6458333333333334,0.4166666666666667,0.8551389152030806,120.79493449939265
68,182,3,1,3,692,71,62819.3207306487,62798.86288092227,43383.08599365671,40651.01585715829,87224.49548759175,96333.7246578692,0.7658959537572254,0.8424855491329479,0.4507042253521127,0.30985915492957744,1.0172145652610838,120.38633676799554
69,182,3,1,3,969,93,62824.00870454703,62744.03423922972,81567.45126288991,72993.91638606055,52805.77446240387,89508.11874443229,0.759545923632611,0.8730650154798761,0.6881720430107527,0.4731182795698925,0.3959900817386794,120.30635565459916
70,182,3,1,3,690,97,63138.082459882266,63057.3558731842,35687.770279655495,28786.391376539406,47074.9316320209,45567.45711562034,0.9840579710144928,0.9579710144927536,0.6597938144329897,0.9072164948453608,0.684483798511308,121.45059669722183
71,182,3,1,3,701,125,63235.84776020225,63208.05249260198,52858.99575260661,50989.576417865625,82487.69182877436,79540.72215355207,0.7845934379457917,0.833095577746077,0.72,0.56,0.893179038431718,121.12355111739336
72,182,3,1,3,719,132,63798.320613936085,63737.2630162572,72479.31116798085,63972.7364237349,83393.54509828056,101975.1464647896,0.674547983310153,0.7872044506258693,0.7348484848484849,0.23484848484848486,1.2288005784389715,121.7393626531256
73,182,4,1,4,1230,210,64119.98316108505,63995.367469198405,75582.55684388353,68006.42092312995,82188.6860708029,90721.34984495853,0.9146341463414634,0.8943089430894309,0.6428571428571429,0.3333333333333333,1.2003109743959854,121.89109749418128
74,182,3,1,3,799,140,64095.39285360373,63924.16894762834,53028.000880691405,40363.85912631409,70257.55750096124,68173.5273469975,0.9887359198998749,0.8936170212765957,0.85,0.8428571428571429,0.26587433827706464,121.41231707329715
75,182,3,1,3,799,140,63691.815035234635,63691.815035234635,40363.85912631409,40363.85912631409,68173.5273469975,68173.5273469975,0.8936170212765957,0.8936170212765957,0.8428571428571429,0.8428571428571429,0.0,121.89109749418128
76,182,3,1,3,909,130,63646.37011665374,63657.532447219746,43322.18148234889,39230.89780793969,76376.30114815132,110204.35159777448,0.9064906490649065,0.935093509350935,0.6461538461538462,0.16923076923076924,1.4803039119527217,121.89109749418128
77,182,3,1,3,787,143,64036.27091291362,64010.56459267609,70175.06154822411,66689.88102027735,75166.12795576196,83489.0323833669,0.8970775095298602,0.9351969504447268,0.6643356643356644,0.27972027972027974,0.8264857394910163,121.89109749418128
78,182,4,1,4,1093,199,64473.023675210396,64328.19220584857,52353.372805620435,45141.33484408273,56074.642822009046,52018.70980819399,0.9579139981701739,0.9542543458371455,0.6934673366834171,0.6934673366834171,0.7214253478862217,121.77764227705029
79,182,4,1,4,1038,244,63519.48044903798,63503.85723273763,21168.98885191153,20891.975241118216,61015.89177478673,58326.9485922526,0.9990366088631984,0.9730250481695568,0.7909836065573771,0.8073770491803278,0.3321892927768048,121.89109749418128
80,182,4,1,4,1038,233,63613.2288504347,63594.43555395696,20891.975241118216,20891.975240961925,70121.31298756506,65217.311160591715,0.9730250481695568,0.9730250481695568,0.8240343347639485,0.8283261802575107,0.35444924896966823,123.02192649001412
81,182,4,1,4,1059,217,63734.47222704788,63705.172701306896,41496.63533996343,40172.69671154622,75399.60149537961,73597.38966194706,0.7828139754485364,0.8101983002832861,0.7695852534562212,0.8110599078341014,0.2611741737741159,123.02192649001412
82,182,4,1,4,1056,167,64343.998395117276,64307.53521258173,40048.20726277859,37854.89095041485,55060.04302600317,55653.938401416905,0.8106060606060606,0.8465909090909091,0.7305389221556886,0.6047904191616766,0.42847132389475856,121.89109749418128
83,182,4,1,4,1052,198,64547.28738584006,64540.03755789905,21318.71540330302,19427.375061630024,51250.894301352324,59088.270219551334,0.8887832699619772,0.9258555133079848,0.9040404040404041,0.5606060606060606,0.6044985960458914,122.4680669036248
84,182,5,1,5,1248,169,64157.453844900105,64015.79547922492,36949.79735504625,31717.442011112755,91028.65791149063,79374.67879148174,0.9871794871794872,0.9799679487179487,0.4378698224852071,0.5502958579881657,0.9980115163507048,121.89109749418128
85,182,4,1,4,1016,211,63820.78128215245,63773.959743658925,40921.55239723685,37301.291774517515,65994.34936275911,70023.56200576528,0.7273622047244095,0.8720472440944882,0.8246445497630331,0.6635071090047393,0.6735687194474851,121.89109749418128
86,182,3,1,3,885,146,64105.13643571818,64051.40793383606,71563.69320632986,63285.27150051841,57741.31262458977,85547.54752327877,0.927683615819209,0.9152542372881356,0.726027397260274,0.0410958904109589,1.2181730037743386,121.89109749418128
87,182,3,1,3,908,168,64354.723691233485,64332.886134832836,69544.19895300464,68906.92108711727,63176.10106709005,58665.326367717214,0.9966960352422908,0.960352422907489,0.5357142857142857,0.5952380952380952,0.4819477013211535,122.4680669036248
88,182,3,1,3,908,77,64283.098723013514,64224.82378486293,68906.92108711727,65070.17669677796,83536.65124341652,82765.8417222876,0.960352422907489,0.9713656387665198,0.7402597402597403,0.7012987012987013,0.8709839914703679,122.4680669036248
89,182,3,1,3,855,65,64593.138681376055,64461.87248563952,59217.99446309714,49784.44766429681,61990.20854875712,64101.043787046176,0.40116959064327484,0.6128654970760234,0.7384615384615385,0.5538461538461539,0.8382576456259461,122.4680669036248
90,182,4,1,4,1035,133,64163.287464713976,64083.06760735979,77950.49832055988,71509.62552100848,69261.04440429888,83194.21663200267,0.9652173913043478,0.9487922705314009,0.556390977443609,0.11278195488721804,0.9187266016023208,123.27552466894272
91,182,4,1,4,995,200,64099.772411034355,63988.18686491536,62084.21126641141,53822.38304311765,64384.543842486,71788.30432543941,0.7819095477386935,0.9095477386934674,0.76,0.46,0.8956062081464197,123.27552466894272
92,182,4,1,4,987,217,63924.04548219731,63892.227893110205,66260.83171297263,62676.57219444808,76298.41755351804,83686.22736129702,0.7659574468085106,0.8713272543059777,0.7511520737327189,0.5391705069124424,0.6842436833061095,123.27552466894272
93,182,3,1,3,783,147,63857.31611565261,63783.58549728238,59304.65901473017,52274.10296749943,73220.77242748652,79973.23188819115,0.9719029374201787,0.9310344827586207,0.7551020408163265,0.41496598639455784,0.6644654196696046,122.4680669036248
94,182,3,1,3,780,152,64013.56155010329,63958.30457896669,70896.99219051469,65639.8775912967,64070.629828632715,68945.13997524243,0.791025641025641,0.8961538461538462,0.7763157894736842,0.631578947368421,0.6906496337004078,123.27552466894272
95,182,3,1,3,794,165,64114.80273033623,64056.90566286343,75525.5800239887,71660.9553389324,71315.37123340183,68718.57804902359,0.7052896725440806,0.8224181360201511,0.5454545454545454,0.6787878787878788,0.7395948314963379,123.30581708498227
96,182,3,1,3,820,171,64154.23412531523,64138.59143686297,55567.87027316942,55306.24648444481,63579.09764297069,59345.005243078704,0.9329268292682927,0.8817073170731707,0.783625730994152,0.8011695906432749,0.5264090649340643,123.61946824194814
97,182,4,1,4,1099,258,64015.89612721578,63897.76318300994,78927.62931308609,70449.48687534683,57293.23129053239,65751.55962015386,0.8707916287534122,0.8453139217470428,0.813953488372093,0.5426356589147286,0.7424515519233704,123.7391026355538
98,182,3,1,3,840,70,64043.47104288588,63978.84392236029,65774.68293986598,60934.30685025544,90942.38324245793,92893.62591842402,0.8345238095238096,0.8666666666666667,0.6,0.6,1.0521662235327023,123.7391026355538
99,182,3,1,3,882,123,64172.303749555525,64078.56113770539,77981.41377909148,68766.36485797605,91871.72266012811,111307.7007348809,0.8333333333333334,0.9047619047619048,0.7804878048780488,0.35772357723577236,1.68400343172429,123.61946824194814
100,182,3,1,3,838,122,64059.821021549316,64052.40441187694,55488.95748990735,55483.649287253924,68562.39283734182,64902.707638519634,0.850835322195704,0.8496420047732697,0.5737704918032787,0.6639344262295082,0.4885290499630014,123.61946824194814
101,182,4,1,4,905,154,63979.53979238276,63899.383352983525,70024.49419140937,64847.56537831063,77882.07543850724,76866.95619266602,0.7270718232044199,0.8331491712707182,0.5064935064935064,0.4675324675324675,0.7647190763386872,123.85873702915947
102,182,5,1,5,1130,222,63777.17714495439,63644.727928334854,77869.48432553915,69498.99885623631,76648.96171854598,83458.40128223674,0.9017699115044248,0.911504424778761,0.49099099099099097,0.19369369369369369,1.140908243900817,124.07435902576418
103,182,3,1,3,844,143,63616.49564999189,63591.24118001855,55536.1595105782,53531.61497374701,75354.12344686044,76518.21857061323,0.830568720379147,0.9170616113744076,0.5734265734265734,0.5454545454545454,0.8375583440409227,123.85873702915947
104,182,3,1,3,851,133,63585.76465311005,63588.68217493927,47672.598484076305,44392.24977595222,65833.66598739299,88156.68912897553,0.6568742655699178,0.7520564042303173,0.8872180451127819,0.2932330827067669,1.184318162992711,123.56206123111134
105,182,3,1,3,839,53,63981.58869779044,63898.32056535899,69456.23207086173,63693.09207213952,75324.47277733985,70404.93983626242,0.8700834326579261,0.8939213349225268,0.5283018867924528,0.7547169811320755,0.9642673025675356,122.93158109593732
106,182,3,1,3,840,107,63721.42806488715,63619.978469639704,54704.24307095988,47282.59461344436,73702.40418218641,74319.68748376203,0.7404761904761905,0.8095238095238095,0.48598130841121495,0.3644859813084112,1.0625938320910495,123.09848326450026
107,182,3,1,3,845,71,63405.066776831794,63333.77961622832,52530.16754649209,47844.09317432228,78408.99138539137,73535.5877802284,0.5491124260355029,0.6662721893491125,0.5211267605633803,0.4647887323943662,0.954055815802994,122.93158109593732
108,182,3,1,3,857,117,63404.34159445356,63350.61736408866,58903.50976855919,55322.69237810727,73364.55545306568,72042.39033959183,0.8669778296382731,0.8996499416569428,0.6153846153846154,0.6324786324786325,0.7971517285046402,122.93158109593732
109,182,5,1,5,1356,239,63778.90562511942,63588.926399469136,81479.45295331639,70596.48673460796,69638.10316216132,83372.65112572596,0.8451327433628318,0.9387905604719764,0.6108786610878661,0.06694560669456066,0.9930072090842611,122.3546116864938
110,182,4,1,4,943,188,63697.822990326305,63618.62347340108,72295.8971199857,67035.68090747697,60268.6385942299,61040.198484346714,0.6299045599151644,0.704135737009544,0.6595744680851063,0.5585106382978723,0.5788891256075596,122.3546116864938
111,182,3,1,3,869,42,63677.25011016359,63626.6003517567,65585.25828685494,61440.39403233547,79222.18846237495,91177.4699546637,0.713463751438435,0.8055235903337169,0.4523809523809524,0.09523809523809523,1.1874854597652986,122.93158109593732
112,182,3,1,3,826,54,63588.09979349737,63514.36886858803,60501.71771404511,54709.003315380716,82830.97860918476,88422.49451305707,0.5326876513317191,0.7336561743341404,0.3333333333333333,0.12962962962962962,0.6378536107681047,122.93158109593732
113,182,4,1,4,947,139,63744.47997969571,63644.53093348029,71296.33584724735,63630.87940883481,81035.83153311984,89829.1038767594,0.938753959873284,0.941921858500528,0.6474820143884892,0.2302158273381295,1.01721285278207,123.17025723509511
114,182,4,1,4,922,176,63864.76237045901,63807.57592035412,69630.91281801167,65757.22989922682,80559.97876260303,81357.41424457858,0.8253796095444685,0.8720173535791758,0.3693181818181818,0.24431818181818182,0.4690218486071662,123.17025723509511
