kind,mult,K,i,cost_400,nprobe_400,cost_large,nprobe_large
no_op_end,1.0,177,0,2983.804945470811,24.814814814814813,3008.5941489365628,24.512605042016805
build,1.0,177,0,3025.5843609106882,5.591549295774656,2738.1931939728142,5.154302670623142
build,1.0,177,1,3611.5907190047874,5.97260273972603,3195.3728045512416,5.283987915407856
build,1.0,177,2,3132.851213020865,4.922651933701658,2963.2489775960203,4.674855491329481
build,1.5,266,0,2560.095643933885,6.202380952380955,2514.214655203823,6.152777777777776
build,1.5,266,1,3358.0599079816875,7.04545454545456,3012.673177425241,6.240896358543416
build,1.5,266,2,2873.3003935967445,6.016666666666672,2764.4666997458944,5.766927083333334
build,2.0,354,0,2539.6435893249654,6.970000000000003,2429.257619966643,6.714634146341462
build,2.0,354,1,2979.1438859687887,7.950819672131153,2750.8962410638214,7.21003134796238
build,2.0,354,2,2938.3318293510893,7.293333333333331,2765.0692479595223,6.79715302491103
build,3.0,531,0,2399.519110130638,9.249999999999993,2278.874476616945,8.779761904761902
build,3.0,531,1,2576.8670493842797,9.81456953642384,2541.190896100861,9.750000000000002
build,3.0,531,2,2361.349495549342,8.483870967741938,2200.4463104830756,7.763698630136982
build,4.5,796,0,2393.0496318319574,11.749999999999995,2259.332367494027,10.963768115942033
build,4.5,796,1,2526.477711388119,12.695652173913059,2309.3985726596966,11.498084291187745
build,4.5,796,2,2369.8292299412146,10.707070707070706,2339.7251471860945,10.551351351351352
build,8.5,1504,0,2243.618337137744,14.193548387096781,2117.478260520377,13.074324324324316
build,8.5,1504,1,2309.25859683912,13.697674418604654,2234.8407736684953,13.097222222222223
build,8.5,1504,2,2126.614480412618,14.046511627906971,2182.4312577106593,14.767857142857144
